{
  "timestamp": "2026-06-12T20:09:12.100225",
  "system_info": {
    "hostname": "DESKTOP-32G0FDS",
    "os": "Windows 10",
    "cpu": "Intel64 Family 6 Model 142 Stepping 12, GenuineIntel",
    "cpu_cores": 4,
    "cpu_threads": 8,
    "ram_gb": 15.88,
    "python": "3.12.7",
    "architecture": "AMD64"
  },
  "cpu": {
    "cpu_integer_throughput_s": 1.4769633000032627,
    "cpu_float_throughput_s": 1.8093332000062219,
    "cpu_multithread_s": 0.46028110000042943
  },
  "memory": {
    "mem_sequential_read_s": 0.22274319999996806,
    "mem_random_access_s": 0.033980100000917446,
    "mem_write_bandwidth_s": 0.13977169999998296,
    "cache_l1_s": 0.030595600001106504,
    "cache_l2_s": 0.016251000000920612,
    "cache_l3_s": 0.028925500002515037,
    "cache_ram_s": 0.05767070000001695
  },
  "workloads": {
    "sort_numpy_s": 0.13713360000110697,
    "sort_python_s": 0.3604583999986062,
    "join_pandas_s": 0.05790120000165189,
    "ml_train_s": 2.445744199998444,
    "ml_inference_s": 0.041093899999395944,
    "sql_benchmark_s": 0.9853621000002022
  },
  "gpu": {
    "gpu_backend": "cpu_fallback",
    "gpu_name": "N/A",
    "gpu_vram_gb": 0.0,
    "gpu_matmul_s": 0.9663179999988643,
    "gpu_elementwise_s": 0.9870251000029384,
    "gpu_h2d_transfer_s": 0.07413049999740906,
    "gpu_d2h_transfer_s": 0.0720595000020694,
    "gpu_multistream_s": 0.6696799000055762
  }
}
