{
  "timestamp": "2026-06-12T02:19:02.010345",
  "system_info": {
    "hostname": "DESKTOP-32G0FDS",
    "os": "Windows 10",
    "cpu": "Intel64 Family 6 Model 142 Stepping 12, GenuineIntel",
    "cpu_cores": 4,
    "cpu_threads": 8,
    "ram_gb": 15.88,
    "python": "3.12.7",
    "architecture": "AMD64"
  },
  "cpu": {
    "cpu_integer_throughput_s": 2.405445900047198,
    "cpu_float_throughput_s": 2.854168100049719,
    "cpu_multithread_s": 0.9249350999016315
  },
  "memory": {
    "mem_sequential_read_s": 0.39914359990507364,
    "mem_random_access_s": 0.06254149996675551,
    "mem_write_bandwidth_s": 0.2641771000344306,
    "cache_l1_s": 0.06928420020267367,
    "cache_l2_s": 0.032246500020846725,
    "cache_l3_s": 0.061494699912145734,
    "cache_ram_s": 0.0797321000136435
  },
  "workloads": {
    "sort_numpy_s": 0.2822316999081522,
    "sort_python_s": 0.7871918000746518,
    "join_pandas_s": 0.14339120010845363,
    "ml_train_s": 3.9260359001345932,
    "ml_inference_s": 0.056835300056263804,
    "sql_benchmark_s": 2.6582693001255393
  }
}